metric,scope,dimensions,unit,description,chart_type,labels,plugin,module
system.processes_state,,"running, sleeping_interruptible, sleeping_uninterruptible, zombie, stopped",processes,"System Processes State",line,,apps.plugin,
apps.cpu,,a dimension per app group,percentage,"Apps CPU Time (100% = 1 core)",stacked,,apps.plugin,
apps.cpu_user,,a dimension per app group,percentage,"Apps CPU User Time (100% = 1 core)",stacked,,apps.plugin,
apps.cpu_system,,a dimension per app group,percentage,"Apps CPU System Time (100% = 1 core)",stacked,,apps.plugin,
apps.cpu_guest,,a dimension per app group,percentage,"Apps CPU Guest Time (100% = 1 core)",stacked,,apps.plugin,
apps.mem,,a dimension per app group,MiB,"Apps Real Memory (w/o shared)",stacked,,apps.plugin,
apps.rss,,a dimension per app group,MiB,"Apps Resident Set Size (w/shared)",stacked,,apps.plugin,
apps.vmem,,a dimension per app group,MiB,"Apps Virtual Memory Size",stacked,,apps.plugin,
apps.swap,,a dimension per app group,MiB,"Apps Swap Memory",stacked,,apps.plugin,
apps.major_faults,,a dimension per app group,"page faults/s","Apps Major Page Faults (swap read)",stacked,,apps.plugin,
apps.minor_faults,,a dimension per app group,"page faults/s","Apps Minor Page Faults (swap read)",stacked,,apps.plugin,
apps.preads,,a dimension per app group,"KiB/s","Apps Disk Reads",stacked,,apps.plugin,
apps.pwrites,,a dimension per app group,"KiB/s","Apps Disk Writes",stacked,,apps.plugin,
apps.lreads,,a dimension per app group,"KiB/s","Apps Disk Logical Reads",stacked,,apps.plugin,
apps.lwrites,,a dimension per app group,"KiB/s","Apps I/O Logical Writes",stacked,,apps.plugin,
apps.threads,,a dimension per app group,threads,"Apps Threads",stacked,,apps.plugin,
apps.processes,,a dimension per app group,processes,"Apps Processes",stacked,,apps.plugin,
apps.voluntary_ctxt_switches,,a dimension per app group,processes,"Apps Voluntary Context Switches",stacked,,apps.plugin,
apps.involuntary_ctxt_switches,,a dimension per app group,processes,"Apps Involuntary Context Switches",stacked,,apps.plugin,
apps.uptime,,a dimension per app group,seconds,"Apps Carried Over Uptime",line,,apps.plugin,
apps.uptime_min,,a dimension per app group,seconds,"Apps Minimum Uptime",line,,apps.plugin,
apps.uptime_avg,,a dimension per app group,seconds,"Apps Average Uptime",line,,apps.plugin,
apps.uptime_max,,a dimension per app group,seconds,"Apps Maximum Uptime",line,,apps.plugin,
apps.files,,a dimension per app group,"open files","Apps Open Files",stacked,,apps.plugin,
apps.sockets,,a dimension per app group,"open sockets","Apps Open Sockets",stacked,,apps.plugin,
apps.pipes,,a dimension per app group,"open pipes","Apps Open Pipes",stacked,,apps.plugin,
groups.cpu,,a dimension per user group,percentage,"User Groups CPU Time (100% = 1 core)",stacked,,apps.plugin,
groups.cpu_user,,a dimension per user group,percentage,"User Groups CPU User Time (100% = 1 core)",stacked,,apps.plugin,
groups.cpu_system,,a dimension per user group,percentage,"User Groups CPU System Time (100% = 1 core)",stacked,,apps.plugin,
groups.cpu_guest,,a dimension per user group,percentage,"User Groups CPU Guest Time (100% = 1 core)",stacked,,apps.plugin,
groups.mem,,a dimension per user group,MiB,"User Groups Real Memory (w/o shared)",stacked,,apps.plugin,
groups.rss,,a dimension per user group,MiB,"User Groups Resident Set Size (w/shared)",stacked,,apps.plugin,
groups.vmem,,a dimension per user group,MiB,"User Groups Virtual Memory Size",stacked,,apps.plugin,
groups.swap,,a dimension per user group,MiB,"User Groups Swap Memory",stacked,,apps.plugin,
groups.major_faults,,a dimension per user group,"page faults/s","User Groups Major Page Faults (swap read)",stacked,,apps.plugin,
groups.minor_faults,,a dimension per user group,"page faults/s","User Groups Page Faults (swap read)",stacked,,apps.plugin,
groups.preads,,a dimension per user group,"KiB/s","User Groups Disk Reads",stacked,,apps.plugin,
groups.pwrites,,a dimension per user group,"KiB/s","User Groups Disk Writes",stacked,,apps.plugin,
groups.lreads,,a dimension per user group,"KiB/s","User Groups Disk Logical Reads",stacked,,apps.plugin,
groups.lwrites,,a dimension per user group,"KiB/s","User Groups I/O Logical Writes",stacked,,apps.plugin,
groups.threads,,a dimension per user group,threads,"User Groups Threads",stacked,,apps.plugin,
groups.processes,,a dimension per user group,processes,"User Groups Processes",stacked,,apps.plugin,
groups.voluntary_ctxt_switches,,a dimension per app group,processes,"User Groups Voluntary Context Switches",stacked,,apps.plugin,
groups.involuntary_ctxt_switches,,a dimension per app group,processes,"User Groups Involuntary Context Switches",stacked,,apps.plugin,
groups.uptime,,a dimension per user group,seconds,"User Groups Carried Over Uptime",line,,apps.plugin,
groups.uptime_min,,a dimension per user group,seconds,"User Groups Minimum Uptime",line,,apps.plugin,
groups.uptime_avg,,a dimension per user group,seconds,"User Groups Average Uptime",line,,apps.plugin,
groups.uptime_max,,a dimension per user group,seconds,"User Groups Maximum Uptime",line,,apps.plugin,
groups.files,,a dimension per user group,"open files","User Groups Open Files",stacked,,apps.plugin,
groups.sockets,,a dimension per user group,"open sockets","User Groups Open Sockets",stacked,,apps.plugin,
groups.pipes,,a dimension per user group,"open pipes","User Groups Open Pipes",stacked,,apps.plugin,
users.cpu,,a dimension per user,percentage,"Users CPU Time (100% = 1 core)",stacked,,apps.plugin,
users.cpu_user,,a dimension per user,percentage,"Users CPU User Time (100% = 1 core)",stacked,,apps.plugin,
users.cpu_system,,a dimension per user,percentage,"Users CPU System Time (100% = 1 core)",stacked,,apps.plugin,
users.cpu_guest,,a dimension per user,percentage,"Users CPU Guest Time (100% = 1 core)",stacked,,apps.plugin,
users.mem,,a dimension per user,MiB,"Users Real Memory (w/o shared)",stacked,,apps.plugin,
users.rss,,a dimension per user,MiB,"Users Resident Set Size (w/shared)",stacked,,apps.plugin,
users.vmem,,a dimension per user,MiB,"Users Virtual Memory Size",stacked,,apps.plugin,
users.swap,,a dimension per user,MiB,"Users Swap Memory",stacked,,apps.plugin,
users.major_faults,,a dimension per user,"page faults/s","Users Major Page Faults (swap read)",stacked,,apps.plugin,
users.minor_faults,,a dimension per user,"page faults/s","Users Page Faults (swap read)",stacked,,apps.plugin,
users.preads,,a dimension per user,"KiB/s","Users Disk Reads",stacked,,apps.plugin,
users.pwrites,,a dimension per user,"KiB/s","Users Disk Writes",stacked,,apps.plugin,
users.lreads,,a dimension per user,"KiB/s","Users Disk Logical Reads",stacked,,apps.plugin,
users.lwrites,,a dimension per user,"KiB/s","Users I/O Logical Writes",stacked,,apps.plugin,
users.threads,,a dimension per user,threads,"Users Threads",stacked,,apps.plugin,
users.processes,,a dimension per user,processes,"Users Processes",stacked,,apps.plugin,
users.voluntary_ctxt_switches,,a dimension per app group,processes,"Users Voluntary Context Switches",stacked,,apps.plugin,
users.involuntary_ctxt_switches,,a dimension per app group,processes,"Users Involuntary Context Switches",stacked,,apps.plugin,
users.uptime,,a dimension per user,seconds,"Users Carried Over Uptime",line,,apps.plugin,
users.uptime_min,,a dimension per user,seconds,"Users Minimum Uptime",line,,apps.plugin,
users.uptime_avg,,a dimension per user,seconds,"Users Average Uptime",line,,apps.plugin,
users.uptime_max,,a dimension per user,seconds,"Users Maximum Uptime",line,,apps.plugin,
users.files,,a dimension per user,"open files","Users Open Files",stacked,,apps.plugin,
users.sockets,,a dimension per user,"open sockets","Users Open Sockets",stacked,,apps.plugin,
users.pipes,,a dimension per user,"open pipes","Users Open Pipes",stacked,,apps.plugin,
netdata.apps_cpu,,"user, system",milliseconds/s,"Apps Plugin CPU",stacked,,apps.plugin,
netdata.apps_sizes,,"calls, files, filenames, inode_changes, link_changes, pids, fds, targets, new_pids",files/s,"Apps Plugin Files",line,,apps.plugin,
netdata.apps_fix,,"utime, stime, gtime, minflt, majflt",percentage,"Apps Plugin Normalization Ratios",line,,apps.plugin,
netdata.apps_children_fix,,"utime, stime, gtime, minflt, majflt",percentage,"Apps Plugin Exited Children Normalization Ratios",line,,apps.plugin,