metric,scope,dimensions,unit,description,chart_type,labels,plugin,module
cgroup.cpu_limit,cgroup,used,percentage,"CPU Usage within the limits",line,"container_name, image",cgroups.plugin,/sys/fs/cgroup
cgroup.cpu,cgroup,"user, system",percentage,"CPU Usage (100% = 1 core)",stacked,"container_name, image",cgroups.plugin,/sys/fs/cgroup
cgroup.cpu_per_core,cgroup,a dimension per core,percentage,"CPU Usage (100% = 1 core) Per Core",line,"container_name, image",cgroups.plugin,/sys/fs/cgroup
cgroup.throttled,cgroup,throttled,percentage,"CPU Throttled Runnable Periods",line,"container_name, image",cgroups.plugin,/sys/fs/cgroup
cgroup.throttled_duration,cgroup,duration,ms,"CPU Throttled Time Duration",line,"container_name, image",cgroups.plugin,/sys/fs/cgroup
cgroup.cpu_shares,cgroup,shares,shares,"CPU Time Relative Share",line,"container_name, image",cgroups.plugin,/sys/fs/cgroup
cgroup.mem,cgroup,"cache, rss, swap, rss_huge, mapped_file",MiB,"Memory Usage",stacked,"container_name, image",cgroups.plugin,/sys/fs/cgroup
cgroup.writeback,cgroup,"dirty, writeback",MiB,"Writeback Memory",area,"container_name, image",cgroups.plugin,/sys/fs/cgroup
cgroup.mem_activity,cgroup,"in, out",MiB/s,"Memory Activity",line,"container_name, image",cgroups.plugin,/sys/fs/cgroup
cgroup.pgfaults,cgroup,"pgfault, swap",MiB/s,"Memory Page Faults",line,"container_name, image",cgroups.plugin,/sys/fs/cgroup
cgroup.mem_usage,cgroup,"ram, swap",MiB,"Used Memory",stacked,"container_name, image",cgroups.plugin,/sys/fs/cgroup
cgroup.mem_usage_limit,cgroup,"available, used",MiB,"Used RAM within the limits",stacked,"container_name, image",cgroups.plugin,/sys/fs/cgroup
cgroup.mem_utilization,cgroup,utilization,percentage,"Memory Utilization",line,"container_name, image",cgroups.plugin,/sys/fs/cgroup
cgroup.mem_failcnt,cgroup,failures,count,"Memory Limit Failures",line,"container_name, image",cgroups.plugin,/sys/fs/cgroup
cgroup.io,cgroup,"read, write",KiB/s,"I/O Bandwidth (all disks)",area,"container_name, image",cgroups.plugin,/sys/fs/cgroup
cgroup.serviced_ops,cgroup,"read, write",operations/s,"Serviced I/O Operations (all disks)",line,"container_name, image",cgroups.plugin,/sys/fs/cgroup
cgroup.throttle_io,cgroup,"read, write",KiB/s,"Throttle I/O Bandwidth (all disks)",area,"container_name, image",cgroups.plugin,/sys/fs/cgroup
cgroup.throttle_serviced_ops,cgroup,"read, write",operations/s,"Throttle Serviced I/O Operations (all disks)",line,"container_name, image",cgroups.plugin,/sys/fs/cgroup
cgroup.queued_ops,cgroup,"read, write",operations,"Queued I/O Operations (all disks)",line,"container_name, image",cgroups.plugin,/sys/fs/cgroup
cgroup.merged_ops,cgroup,"read, write",operations/s,"Merged I/O Operations (all disks)",line,"container_name, image",cgroups.plugin,/sys/fs/cgroup
cgroup.cpu_some_pressure,cgroup,"some10, some60, some300",percentage,"CPU some pressure",line,"container_name, image",cgroups.plugin,/sys/fs/cgroup
cgroup.cpu_some_pressure_stall_time,cgroup,time,ms,"CPU some pressure stall time",line,"container_name, image",cgroups.plugin,/sys/fs/cgroup
cgroup.cpu_full_pressure,cgroup,"some10, some60, some300",percentage,"CPU full pressure",line,"container_name, image",cgroups.plugin,/sys/fs/cgroup
cgroup.cpu_full_pressure_stall_time,cgroup,time,ms,"CPU full pressure stall time",line,"container_name, image",cgroups.plugin,/sys/fs/cgroup
cgroup.memory_some_pressure,cgroup,"some10, some60, some300",percentage,"Memory some pressure",line,"container_name, image",cgroups.plugin,/sys/fs/cgroup
cgroup.memory_some_pressure_stall_time,cgroup,time,ms,"Memory some pressure stall time",line,"container_name, image",cgroups.plugin,/sys/fs/cgroup
cgroup.memory_full_pressure,cgroup,"some10, some60, some300",percentage,"Memory full pressure",line,"container_name, image",cgroups.plugin,/sys/fs/cgroup
cgroup.memory_full_pressure_stall_time,cgroup,time,ms,"Memory full pressure stall time",line,"container_name, image",cgroups.plugin,/sys/fs/cgroup
cgroup.io_some_pressure,cgroup,"some10, some60, some300",percentage,"I/O some pressure",line,"container_name, image",cgroups.plugin,/sys/fs/cgroup
cgroup.io_some_pressure_stall_time,cgroup,time,ms,"I/O some pressure stall time",line,"container_name, image",cgroups.plugin,/sys/fs/cgroup
cgroup.io_full_pressure,cgroup,"some10, some60, some300",percentage,"I/O some pressure",line,"container_name, image",cgroups.plugin,/sys/fs/cgroup
cgroup.io_full_pressure_stall_time,cgroup,time,ms,"I/O some pressure stall time",line,"container_name, image",cgroups.plugin,/sys/fs/cgroup
cgroup.net_net,"cgroup, network device","received, sent",kilobits/s,"Bandwidth",area,"container_name, image, device, interface_type",cgroups.plugin,/proc/net/dev
cgroup.net_packets,"cgroup, network device","received, sent, multicast",pps,"Packets",line,"container_name, image, device, interface_type",cgroups.plugin,/proc/net/dev
cgroup.net_errors,"cgroup, network device","inbound, outbound",errors/s,"Interface Errors",line,"container_name, image, device, interface_type",cgroups.plugin,/proc/net/dev
cgroup.net_drops,"cgroup, network device","inbound, outbound",errors/s,"Interface Drops",line,"container_name, image, device, interface_type",cgroups.plugin,/proc/net/dev
cgroup.net_fifo,"cgroup, network device","receive, transmit",errors/s,"Interface FIFO Buffer Errors",line,"container_name, image, device, interface_type",cgroups.plugin,/proc/net/dev
cgroup.net_compressed,"cgroup, network device","receive, sent",pps,"Interface FIFO Buffer Errors",line,"container_name, image, device, interface_type",cgroups.plugin,/proc/net/dev
cgroup.net_events,"cgroup, network device","frames, collisions, carrier",events/s,"Network Interface Events",line,"container_name, image, device, interface_type",cgroups.plugin,/proc/net/dev
cgroup.net_operstate,"cgroup, network device","up, down, notpresent, lowerlayerdown, testing, dormant, unknown",state,"Interface Operational State",line,"container_name, image, device, interface_type",cgroups.plugin,/proc/net/dev
cgroup.net_carrier,"cgroup, network device","up, down",state,"Interface Physical Link State",line,"container_name, image, device, interface_type",cgroups.plugin,/proc/net/dev
cgroup.net_mtu,"cgroup, network device",mtu,octets,"Interface MTU",line,"container_name, image, device, interface_type",cgroups.plugin,/proc/net/dev
k8s.cgroup.cpu_limit,k8s cgroup,used,percentage,"CPU Usage within the limits",line,"k8s_namespace, k8s_pod_name, k8s_pod_uid, k8s_controller_kind, k8s_controller_name, k8s_node_name, k8s_container_name, k8s_container_id, k8s_kind, k8s_qos_class, k8s_cluster_id",cgroups.plugin,/sys/fs/cgroup
k8s.cgroup.cpu,k8s cgroup,"user, system",percentage,"CPU Usage (100% = 1000 mCPU)",stacked,"k8s_namespace, k8s_pod_name, k8s_pod_uid, k8s_controller_kind, k8s_controller_name, k8s_node_name, k8s_container_name, k8s_container_id, k8s_kind, k8s_qos_class, k8s_cluster_id",cgroups.plugin,/sys/fs/cgroup
k8s.cgroup.cpu_per_core,k8s cgroup,a dimension per core,percentage,"CPU Usage (100% = 1000 mCPU) Per Core",line,"k8s_namespace, k8s_pod_name, k8s_pod_uid, k8s_controller_kind, k8s_controller_name, k8s_node_name, k8s_container_name, k8s_container_id, k8s_kind, k8s_qos_class, k8s_cluster_id",cgroups.plugin,/sys/fs/cgroup
k8s.cgroup.throttled,k8s cgroup,throttled,percentage,"CPU Throttled Runnable Periods",line,"k8s_namespace, k8s_pod_name, k8s_pod_uid, k8s_controller_kind, k8s_controller_name, k8s_node_name, k8s_container_name, k8s_container_id, k8s_kind, k8s_qos_class, k8s_cluster_id",cgroups.plugin,/sys/fs/cgroup
k8s.cgroup.throttled_duration,k8s cgroup,duration,ms,"CPU Throttled Time Duration",line,"k8s_namespace, k8s_pod_name, k8s_pod_uid, k8s_controller_kind, k8s_controller_name, k8s_node_name, k8s_container_name, k8s_container_id, k8s_kind, k8s_qos_class, k8s_cluster_id",cgroups.plugin,/sys/fs/cgroup
k8s.cgroup.cpu_shares,k8s cgroup,shares,shares,"CPU Time Relative Share",line,"k8s_namespace, k8s_pod_name, k8s_pod_uid, k8s_controller_kind, k8s_controller_name, k8s_node_name, k8s_container_name, k8s_container_id, k8s_kind, k8s_qos_class, k8s_cluster_id",cgroups.plugin,/sys/fs/cgroup
k8s.cgroup.mem,k8s cgroup,"cache, rss, swap, rss_huge, mapped_file",MiB,"Memory Usage",stacked,"k8s_namespace, k8s_pod_name, k8s_pod_uid, k8s_controller_kind, k8s_controller_name, k8s_node_name, k8s_container_name, k8s_container_id, k8s_kind, k8s_qos_class, k8s_cluster_id",cgroups.plugin,/sys/fs/cgroup
k8s.cgroup.writeback,k8s cgroup,"dirty, writeback",MiB,"Writeback Memory",area,"k8s_namespace, k8s_pod_name, k8s_pod_uid, k8s_controller_kind, k8s_controller_name, k8s_node_name, k8s_container_name, k8s_container_id, k8s_kind, k8s_qos_class, k8s_cluster_id",cgroups.plugin,/sys/fs/cgroup
k8s.cgroup.mem_activity,k8s cgroup,"in, out",MiB/s,"Memory Activity",line,"k8s_namespace, k8s_pod_name, k8s_pod_uid, k8s_controller_kind, k8s_controller_name, k8s_node_name, k8s_container_name, k8s_container_id, k8s_kind, k8s_qos_class, k8s_cluster_id",cgroups.plugin,/sys/fs/cgroup
k8s.cgroup.pgfaults,k8s cgroup,"pgfault, swap",MiB/s,"Memory Page Faults",line,"k8s_namespace, k8s_pod_name, k8s_pod_uid, k8s_controller_kind, k8s_controller_name, k8s_node_name, k8s_container_name, k8s_container_id, k8s_kind, k8s_qos_class, k8s_cluster_id",cgroups.plugin,/sys/fs/cgroup
k8s.cgroup.mem_usage,k8s cgroup,"ram, swap",MiB,"Used Memory",stacked,"k8s_namespace, k8s_pod_name, k8s_pod_uid, k8s_controller_kind, k8s_controller_name, k8s_node_name, k8s_container_name, k8s_container_id, k8s_kind, k8s_qos_class, k8s_cluster_id",cgroups.plugin,/sys/fs/cgroup
k8s.cgroup.mem_usage_limit,k8s cgroup,"available, used",MiB,"Used RAM within the limits",stacked,"k8s_namespace, k8s_pod_name, k8s_pod_uid, k8s_controller_kind, k8s_controller_name, k8s_node_name, k8s_container_name, k8s_container_id, k8s_kind, k8s_qos_class, k8s_cluster_id",cgroups.plugin,/sys/fs/cgroup
k8s.cgroup.mem_utilization,k8s cgroup,utilization,percentage,"Memory Utilization",line,"k8s_namespace, k8s_pod_name, k8s_pod_uid, k8s_controller_kind, k8s_controller_name, k8s_node_name, k8s_container_name, k8s_container_id, k8s_kind, k8s_qos_class, k8s_cluster_id",cgroups.plugin,/sys/fs/cgroup
k8s.cgroup.mem_failcnt,k8s cgroup,failures,count,"Memory Limit Failures",line,"k8s_namespace, k8s_pod_name, k8s_pod_uid, k8s_controller_kind, k8s_controller_name, k8s_node_name, k8s_container_name, k8s_container_id, k8s_kind, k8s_qos_class, k8s_cluster_id",cgroups.plugin,/sys/fs/cgroup
k8s.cgroup.io,k8s cgroup,"read, write",KiB/s,"I/O Bandwidth (all disks)",area,"k8s_namespace, k8s_pod_name, k8s_pod_uid, k8s_controller_kind, k8s_controller_name, k8s_node_name, k8s_container_name, k8s_container_id, k8s_kind, k8s_qos_class, k8s_cluster_id",cgroups.plugin,/sys/fs/cgroup
k8s.cgroup.serviced_ops,k8s cgroup,"read, write",operations/s,"Serviced I/O Operations (all disks)",line,"k8s_namespace, k8s_pod_name, k8s_pod_uid, k8s_controller_kind, k8s_controller_name, k8s_node_name, k8s_container_name, k8s_container_id, k8s_kind, k8s_qos_class, k8s_cluster_id",cgroups.plugin,/sys/fs/cgroup
k8s.cgroup.throttle_io,k8s cgroup,"read, write",KiB/s,"Throttle I/O Bandwidth (all disks)",area,"k8s_namespace, k8s_pod_name, k8s_pod_uid, k8s_controller_kind, k8s_controller_name, k8s_node_name, k8s_container_name, k8s_container_id, k8s_kind, k8s_qos_class, k8s_cluster_id",cgroups.plugin,/sys/fs/cgroup
k8s.cgroup.throttle_serviced_ops,k8s cgroup,"read, write",operations/s,"Throttle Serviced I/O Operations (all disks)",line,"k8s_namespace, k8s_pod_name, k8s_pod_uid, k8s_controller_kind, k8s_controller_name, k8s_node_name, k8s_container_name, k8s_container_id, k8s_kind, k8s_qos_class, k8s_cluster_id",cgroups.plugin,/sys/fs/cgroup
k8s.cgroup.queued_ops,k8s cgroup,"read, write",operations,"Queued I/O Operations (all disks)",line,"k8s_namespace, k8s_pod_name, k8s_pod_uid, k8s_controller_kind, k8s_controller_name, k8s_node_name, k8s_container_name, k8s_container_id, k8s_kind, k8s_qos_class, k8s_cluster_id",cgroups.plugin,/sys/fs/cgroup
k8s.cgroup.merged_ops,k8s cgroup,"read, write",operations/s,"Merged I/O Operations (all disks)",line,"k8s_namespace, k8s_pod_name, k8s_pod_uid, k8s_controller_kind, k8s_controller_name, k8s_node_name, k8s_container_name, k8s_container_id, k8s_kind, k8s_qos_class, k8s_cluster_id",cgroups.plugin,/sys/fs/cgroup
k8s.cgroup.cpu_some_pressure,k8s cgroup,"some10, some60, some300",percentage,"CPU some pressure",line,"k8s_namespace, k8s_pod_name, k8s_pod_uid, k8s_controller_kind, k8s_controller_name, k8s_node_name, k8s_container_name, k8s_container_id, k8s_kind, k8s_qos_class, k8s_cluster_id",cgroups.plugin,/sys/fs/cgroup
k8s.cgroup.cpu_some_pressure_stall_time,k8s cgroup,time,ms,"CPU some pressure stall time",line,"k8s_namespace, k8s_pod_name, k8s_pod_uid, k8s_controller_kind, k8s_controller_name, k8s_node_name, k8s_container_name, k8s_container_id, k8s_kind, k8s_qos_class, k8s_cluster_id",cgroups.plugin,/sys/fs/cgroup
k8s.cgroup.cpu_full_pressure,k8s cgroup,"some10, some60, some300",percentage,"CPU full pressure",line,"k8s_namespace, k8s_pod_name, k8s_pod_uid, k8s_controller_kind, k8s_controller_name, k8s_node_name, k8s_container_name, k8s_container_id, k8s_kind, k8s_qos_class, k8s_cluster_id",cgroups.plugin,/sys/fs/cgroup
k8s.cgroup.cpu_full_pressure_stall_time,k8s cgroup,time,ms,"CPU full pressure stall time",line,"k8s_namespace, k8s_pod_name, k8s_pod_uid, k8s_controller_kind, k8s_controller_name, k8s_node_name, k8s_container_name, k8s_container_id, k8s_kind, k8s_qos_class, k8s_cluster_id",cgroups.plugin,/sys/fs/cgroup
k8s.cgroup.memory_some_pressure,k8s cgroup,"some10, some60, some300",percentage,"Memory some pressure",line,"k8s_namespace, k8s_pod_name, k8s_pod_uid, k8s_controller_kind, k8s_controller_name, k8s_node_name, k8s_container_name, k8s_container_id, k8s_kind, k8s_qos_class, k8s_cluster_id",cgroups.plugin,/sys/fs/cgroup
k8s.cgroup.memory_some_pressure_stall_time,k8s cgroup,time,ms,"Memory some pressure stall time",line,"k8s_namespace, k8s_pod_name, k8s_pod_uid, k8s_controller_kind, k8s_controller_name, k8s_node_name, k8s_container_name, k8s_container_id, k8s_kind, k8s_qos_class, k8s_cluster_id",cgroups.plugin,/sys/fs/cgroup
k8s.cgroup.memory_full_pressure,k8s cgroup,"some10, some60, some300",percentage,"Memory full pressure",line,"k8s_namespace, k8s_pod_name, k8s_pod_uid, k8s_controller_kind, k8s_controller_name, k8s_node_name, k8s_container_name, k8s_container_id, k8s_kind, k8s_qos_class, k8s_cluster_id",cgroups.plugin,/sys/fs/cgroup
k8s.cgroup.memory_full_pressure_stall_time,k8s cgroup,time,ms,"Memory full pressure stall time",line,"k8s_namespace, k8s_pod_name, k8s_pod_uid, k8s_controller_kind, k8s_controller_name, k8s_node_name, k8s_container_name, k8s_container_id, k8s_kind, k8s_qos_class, k8s_cluster_id",cgroups.plugin,/sys/fs/cgroup
k8s.cgroup.io_some_pressure,k8s cgroup,"some10, some60, some300",percentage,"I/O some pressure",line,"k8s_namespace, k8s_pod_name, k8s_pod_uid, k8s_controller_kind, k8s_controller_name, k8s_node_name, k8s_container_name, k8s_container_id, k8s_kind, k8s_qos_class, k8s_cluster_id",cgroups.plugin,/sys/fs/cgroup
k8s.cgroup.io_some_pressure_stall_time,k8s cgroup,time,ms,"I/O some pressure stall time",line,"k8s_namespace, k8s_pod_name, k8s_pod_uid, k8s_controller_kind, k8s_controller_name, k8s_node_name, k8s_container_name, k8s_container_id, k8s_kind, k8s_qos_class, k8s_cluster_id",cgroups.plugin,/sys/fs/cgroup
k8s.cgroup.io_full_pressure,k8s cgroup,"some10, some60, some300",percentage,"I/O some pressure",line,"k8s_namespace, k8s_pod_name, k8s_pod_uid, k8s_controller_kind, k8s_controller_name, k8s_node_name, k8s_container_name, k8s_container_id, k8s_kind, k8s_qos_class, k8s_cluster_id",cgroups.plugin,/sys/fs/cgroup
k8s.cgroup.io_full_pressure_stall_time,k8s cgroup,time,ms,"I/O some pressure stall time",line,"k8s_namespace, k8s_pod_name, k8s_pod_uid, k8s_controller_kind, k8s_controller_name, k8s_node_name, k8s_container_name, k8s_container_id, k8s_kind, k8s_qos_class, k8s_cluster_id",cgroups.plugin,/sys/fs/cgroup
k8s.cgroup.net_net,"k8s cgroup, network device","received, sent",kilobits/s,"Bandwidth",area,"device, interface_type, k8s_namespace, k8s_pod_name, k8s_pod_uid, k8s_controller_kind, k8s_controller_name, k8s_node_name, k8s_container_name, k8s_container_id, k8s_kind, k8s_qos_class, k8s_cluster_id",cgroups.plugin,/proc/net/dev
k8s.cgroup.net_packets,"k8s cgroup, network device","received, sent, multicast",pps,"Packets",line,"device, interface_type, k8s_namespace, k8s_pod_name, k8s_pod_uid, k8s_controller_kind, k8s_controller_name, k8s_node_name, k8s_container_name, k8s_container_id, k8s_kind, k8s_qos_class, k8s_cluster_id",cgroups.plugin,/proc/net/dev
k8s.cgroup.net_errors,"k8s cgroup, network device","inbound, outbound",errors/s,"Interface Errors",line,"device, interface_type, k8s_namespace, k8s_pod_name, k8s_pod_uid, k8s_controller_kind, k8s_controller_name, k8s_node_name, k8s_container_name, k8s_container_id, k8s_kind, k8s_qos_class, k8s_cluster_id",cgroups.plugin,/proc/net/dev
k8s.cgroup.net_drops,"k8s cgroup, network device","inbound, outbound",errors/s,"Interface Drops",line,"device, interface_type, k8s_namespace, k8s_pod_name, k8s_pod_uid, k8s_controller_kind, k8s_controller_name, k8s_node_name, k8s_container_name, k8s_container_id, k8s_kind, k8s_qos_class, k8s_cluster_id",cgroups.plugin,/proc/net/dev
k8s.cgroup.net_fifo,"k8s cgroup, network device","receive, transmit",errors/s,"Interface FIFO Buffer Errors",line,"device, interface_type, k8s_namespace, k8s_pod_name, k8s_pod_uid, k8s_controller_kind, k8s_controller_name, k8s_node_name, k8s_container_name, k8s_container_id, k8s_kind, k8s_qos_class, k8s_cluster_id",cgroups.plugin,/proc/net/dev
k8s.cgroup.net_compressed,"k8s cgroup, network device","receive, sent",pps,"Interface FIFO Buffer Errors",line,"device, interface_type, k8s_namespace, k8s_pod_name, k8s_pod_uid, k8s_controller_kind, k8s_controller_name, k8s_node_name, k8s_container_name, k8s_container_id, k8s_kind, k8s_qos_class, k8s_cluster_id",cgroups.plugin,/proc/net/dev
k8s.cgroup.net_events,"k8s cgroup, network device","frames, collisions, carrier",events/s,"Network Interface Events",line,"device, interface_type, k8s_namespace, k8s_pod_name, k8s_pod_uid, k8s_controller_kind, k8s_controller_name, k8s_node_name, k8s_container_name, k8s_container_id, k8s_kind, k8s_qos_class, k8s_cluster_id",cgroups.plugin,/proc/net/dev
k8s.cgroup.net_operstate,"k8s cgroup, network device","up, down, notpresent, lowerlayerdown, testing, dormant, unknown",state,"Interface Operational State",line,"device, interface_type, k8s_namespace, k8s_pod_name, k8s_pod_uid, k8s_controller_kind, k8s_controller_name, k8s_node_name, k8s_container_name, k8s_container_id, k8s_kind, k8s_qos_class, k8s_cluster_id",cgroups.plugin,/proc/net/dev
k8s.cgroup.net_carrier,"k8s cgroup, network device","up, down",state,"Interface Physical Link State",line,"device, interface_type, k8s_namespace, k8s_pod_name, k8s_pod_uid, k8s_controller_kind, k8s_controller_name, k8s_node_name, k8s_container_name, k8s_container_id, k8s_kind, k8s_qos_class, k8s_cluster_id",cgroups.plugin,/proc/net/dev
k8s.cgroup.net_mtu,"k8s cgroup, network device",mtu,octets,"Interface MTU",line,"device, interface_type, k8s_namespace, k8s_pod_name, k8s_pod_uid, k8s_controller_kind, k8s_controller_name, k8s_node_name, k8s_container_name, k8s_container_id, k8s_kind, k8s_qos_class, k8s_cluster_id",cgroups.plugin,/proc/net/dev
services.cpu,,a dimension per systemd service,percentage,"Systemd Services CPU utilization (100% = 1 core)",stacked,,cgroups.plugin,systemd
services.mem_usage,,a dimension per systemd service,MiB,"Systemd Services Used Memory",stacked,,cgroups.plugin,systemd
services.mem_rss,,a dimension per systemd service,MiB,"Systemd Services RSS Memory",stacked,,cgroups.plugin,systemd
services.mem_mapped,,a dimension per systemd service,MiB,"Systemd Services Mapped Memory",stacked,,cgroups.plugin,systemd
services.mem_cache,,a dimension per systemd service,MiB,"Systemd Services Cache Memory",stacked,,cgroups.plugin,systemd
services.mem_writeback,,a dimension per systemd service,MiB,"Systemd Services Writeback Memory",stacked,,cgroups.plugin,systemd
services.mem_pgfault,,a dimension per systemd service,MiB/s,"Systemd Services Memory Minor Page Faults",stacked,,cgroups.plugin,systemd
services.mem_pgmajfault,,a dimension per systemd service,MiB/s,"Systemd Services Memory Major Page Faults",stacked,,cgroups.plugin,systemd
services.mem_pgpgin,,a dimension per systemd service,MiB/s,"Systemd Services Memory Charging Activity",stacked,,cgroups.plugin,systemd
services.mem_pgpgout,,a dimension per systemd service,MiB/s,"Systemd Services Memory Uncharging Activity",stacked,,cgroups.plugin,systemd
services.mem_failcnt,,a dimension per systemd service,failures,"Systemd Services Memory Limit Failures",stacked,,cgroups.plugin,systemd
services.swap_usage,,a dimension per systemd service,MiB,"Systemd Services Swap Memory Used",stacked,,cgroups.plugin,systemd
services.io_read,,a dimension per systemd service,KiB/s,"Systemd Services Disk Read Bandwidth",stacked,,cgroups.plugin,systemd
services.io_write,,a dimension per systemd service,KiB/s,"Systemd Services Disk Write Bandwidth",stacked,,cgroups.plugin,systemd
services.io_ops_read,,a dimension per systemd service,operations/s,"Systemd Services Disk Read Operations",stacked,,cgroups.plugin,systemd
services.io_ops_write,,a dimension per systemd service,operations/s,"Systemd Services Disk Write Operations",stacked,,cgroups.plugin,systemd
services.throttle_io_read,,a dimension per systemd service,KiB/s,"Systemd Services Throttle Disk Read Bandwidth",stacked,,cgroups.plugin,systemd
services.services.throttle_io_write,,a dimension per systemd service,KiB/s,"Systemd Services Throttle Disk Write Bandwidth",stacked,,cgroups.plugin,systemd
services.throttle_io_ops_read,,a dimension per systemd service,operations/s,"Systemd Services Throttle Disk Read Operations",stacked,,cgroups.plugin,systemd
throttle_io_ops_write,,a dimension per systemd service,operations/s,"Systemd Services Throttle Disk Write Operations",stacked,,cgroups.plugin,systemd
services.queued_io_ops_read,,a dimension per systemd service,operations/s,"Systemd Services Queued Disk Read Operations",stacked,,cgroups.plugin,systemd
services.queued_io_ops_write,,a dimension per systemd service,operations/s,"Systemd Services Queued Disk Write Operations",stacked,,cgroups.plugin,systemd
services.merged_io_ops_read,,a dimension per systemd service,operations/s,"Systemd Services Merged Disk Read Operations",stacked,,cgroups.plugin,systemd
services.merged_io_ops_write,,a dimension per systemd service,operations/s,"Systemd Services Merged Disk Write Operations",stacked,,cgroups.plugin,systemd